{
  "description": "Calibration comparison on PKU-SafeRLHF with SPRT(pi=0.01)",
  "timestamp": "2026-04-03T11:05:42.684925",
  "temperature": 1.160247802734375,
  "config": {
    "alpha": 0.05,
    "beta": 0.1,
    "prior": 0.01,
    "t_min": 5,
    "max_length": 128
  },
  "raw_sprt_pi001": {
    "accuracy": 0.773,
    "precision": 0.7453936348408711,
    "recall": 0.8557692307692307,
    "f1": 0.7967770814682185,
    "fpr": 0.31666666666666665,
    "fnr": 0.14423076923076922,
    "tp": 1335,
    "tn": 984,
    "fp": 456,
    "fn": 225,
    "avg_stopping_time": 19.681333333333335
  },
  "tempscaled_sprt_pi001": {
    "accuracy": 0.789,
    "precision": 0.7156817124243834,
    "recall": 0.985897435897436,
    "f1": 0.8293340523052035,
    "fpr": 0.42430555555555555,
    "fnr": 0.014102564102564103,
    "tp": 1538,
    "tn": 829,
    "fp": 611,
    "fn": 22,
    "avg_stopping_time": 40.725
  },
  "raw_fulltext": {
    "accuracy": 0.928,
    "precision": 0.9352331606217616,
    "recall": 0.9256410256410257,
    "f1": 0.9304123711340206,
    "fpr": 0.06944444444444445,
    "fnr": 0.07435897435897436,
    "tp": 1444,
    "tn": 1340,
    "fp": 100,
    "fn": 116
  }
}